{
    "dev": {
        "registryType": "ecr",
        "awsCredentialId": "Aws-credentials-qvision-clientes",
        "awsRegion": "us-east-2",
        "registryIP": "192.168.100.122:5001",
        "registryLibs": "false",
        "nexusCredentialId": "Docker-registry",
        "DockerHubCredentialId": "Dockerhub-Qvision",
        "server": "ubuntu@ec2-3-142-106-27.us-east-2.compute.amazonaws.com"                                         
},
    "qa": {
        "registryType": "ecr",
        "awsCredentialId": "Aws-credentials-qvision-clientes",
        "awsRegion": "us-east-2",
        "registryIP": "192.168.100.122:5001",
        "registryLibs": "true",
        "nexusCredentialId": "Docker-registry",
        "DockerHubCredentialId": "Dockerhub-Qvision",
        "server": "ubuntu@ec2-52-15-154-96.us-east-2.compute.amazonaws.com"                                         
},
    "stage": {
        "registryIP": "192.168.100.122:5000",
        "server": "xxx@ip"                                           
},
    "prod": {
        "registryIP": "registry-1.docker.io", 
        "server": "xxx@ip"                                                     
},
    "notifications": {
        "msteams" : "https://qvisionsas.webhook.office.com/webhookb2/cb70aecc-db7a-4597-93b9-8d7cde9197f0@d6921bbf-5e55-4660-9f9a-5edb0c619766/JenkinsCI/cfc7560189ec4619802e7754afd229b7/251249ef-b3e6-4997-8691-76dc82193122"
}
}
