{
  "toolbox.textinput.name": "Long Answer",
  "toolbox.headertext.name": "Title",
  "toolbox.label.name": "Label",
  "toolbox.divider.name": "Divider",
  "toolbox.select.name": "Dropdown",
  "toolbox.tags.name": "Tags",
  "toolbox.checkboxes.name": "Various options",
  "toolbox.radiobuttons.name": "Single option",
  "toolbox.numberinput.name": "Input Number",
  "toolbox.multilineinput.name": "Long answer",
  "toolbox.datepicker.name": "Calendar",
  "toolbox.datepicker.name.form": "Calendar",
  "toolbox.slider.name": "Slider",
  "toolbox.rangepicker.name": "Pick Range",
  "toolbox.rate.name": "Rating",
  "btn.cancel": "Cancel",
  "btn.save": "Save",
  "btn.submit": "Submit",
  "settings.form.questions": "Questions",
  "settings.form.options": "Options",
  "settings.form.required": "Required",
  "confirm.action": "Are you sure?",
  "btn.yes": "Yes",
  "btn.no": "No",
  "btn.add": "Add"

}
