{
  "toolbox.textinput.name": "Respuesta larga",
  "toolbox.headertext.name": "Título",
  "toolbox.label.name": "Etiqueta",
  "toolbox.divider.name": "Divisor",
  "toolbox.select.name": "Desplegable",
  "toolbox.tags.name": "Etiquetas",
  "toolbox.checkboxes.name": "Varias opciones",
  "toolbox.radiobuttons.name": "Una sola opción",
  "toolbox.numberinput.name": "Ingresar Número",
  "toolbox.multilineinput.name": "Respuesta larga",
  "toolbox.datepicker.name": "Calendario",
  "toolbox.datepicker.name.form": "Calendario",
  "toolbox.slider.name": "Deslizador",
  "toolbox.rangepicker.name": "Escoger rango",
  "toolbox.rate.name": "Clasificación",
  "btn.cancel": "Cancelar",
  "btn.save": "Guardar",
  "btn.submit": "Enviar",
  "settings.form.questions": "Preguntas",
  "settings.form.options": "Opciones",
  "settings.form.required": "Requerida",
  "confirm.action": "¿Estás seguro?",
  "btn.yes": "Si",
  "btn.no": "No",
  "btn.add": "Agregar"
}
